group,configuration,parameters,val_accuracy_final,val_accuracy_best,best_epoch,train_loss_final,train_seconds
optimiser,"SGD, learning rate 0.01",2578,0.9741666913032532,0.9743333458900452,29,0.0566803403198719,112.42432608300078
optimiser,"SGD, learning rate 0.03",2578,0.9816666841506958,0.9816666841506958,30,0.04855059087276459,117.61541391699939
optimiser,"SGD, learning rate 0.1",2578,0.984666645526886,0.984666645526886,29,0.04508418217301369,112.62110179199954
optimiser,"SGD, learning rate 0.3",2578,0.9819999933242798,0.9825000166893005,12,0.041093435138463974,111.68885650000084
optimiser,"RMSprop, learning rate 0.001",2578,0.9854999780654907,0.9854999780654907,22,0.04388129338622093,114.56058254100026
dropout,"Full H2-H3 connections, no dropout",3278,0.98416668176651,0.98416668176651,29,0.03871475160121918,112.79002679199948
dropout,Full + SpatialDropout2D 0.25,3278,0.9796666502952576,0.9796666502952576,30,0.05425766482949257,122.09988883299957
dropout,Full + SpatialDropout2D 0.5,3278,0.9776666760444641,0.9785000085830688,23,0.07529342174530029,121.13191137499962
dropout,Full + Dropout 0.25,3278,0.9819999933242798,0.9828333258628845,26,0.054039470851421356,131.9507641250002
dropout,Full + Dropout 0.5,3278,0.9773333072662354,0.9776666760444641,18,0.06836181879043579,124.76444966700001
