model,recipe,seed,parameters,train_seconds,seconds_per_epoch,val_accuracy,test_loss,test_accuracy,test_error_pct,inference_ms_per_image,config
chollet_2021,chollet_2021,0,34826,80.84187824999935,5.385934549866579,0.9921666383743286,0.022418037056922913,0.9922999739646912,0.7700026035308838,0.027450137499999982,chollet
chollet_2021,chollet_2021,1,34826,80.81880541699957,5.385109413866667,0.9929999709129333,0.026431500911712646,0.9907000064849854,0.9299993515014648,0.02805806249998568,chollet
chollet_2021,chollet_2021,2,34826,80.56412691699916,5.368946522200046,0.9919999837875366,0.025832120329141617,0.9926000237464905,0.7399976253509521,0.027280666700062284,chollet
chollet_2021,chollet_2021,3,34826,80.82912891700016,5.386570991533275,0.9911666512489319,0.02992204949259758,0.9901000261306763,0.989997386932373,0.02695447090000016,chollet
chollet_2021,chollet_2021,4,34826,81.50105545899987,5.430721330599954,0.9923333525657654,0.02515736222267151,0.9912999868392944,0.8700013160705566,0.02902897089998078,chollet
lecun_1989,lecun_1989,0,2578,111.28213008400053,3.706708683299894,0.9854999780654907,0.04135672748088837,0.980400025844574,1.9599974155426025,0.017565241600004812,lecun
lecun_1989,lecun_1989,1,2578,110.3988476250006,3.6788184150665377,0.9833333492279053,0.043923236429691315,0.9800000190734863,1.9999980926513672,0.017096712500006106,lecun
lecun_1989,lecun_1989,2,2578,110.15048462499999,3.670122673566705,0.9808333516120911,0.042628973722457886,0.9803000092506409,1.969999074935913,0.017063033400063432,lecun
lecun_1989,lecun_1989,3,2578,110.74342408299981,3.690245633300098,0.9818333387374878,0.04345521703362465,0.9805999994277954,1.940000057220459,0.017082683299940983,lecun
lecun_1989,lecun_1989,4,2578,108.6505301670004,3.6200403944333024,0.9819999933242798,0.043083544820547104,0.9796000123023987,2.039998769760132,0.01707495000000563,lecun
lecun_1989_dense_drop0.25,lecun_1989,0,3278,117.5565552500002,3.9172293875665978,0.9819999933242798,0.04349604621529579,0.9776999950408936,2.2300004959106445,0.01707319170000119,lecun_dropout
lecun_1989_dense_drop0.25,lecun_1989,1,3278,117.29048508300002,3.9085345819667663,0.9788333177566528,0.043783873319625854,0.9771999716758728,2.2800028324127197,0.01784947910000483,lecun_dropout
lecun_1989_dense_drop0.25,lecun_1989,2,3278,118.1217591249997,3.93615354299997,0.9806666374206543,0.04512077569961548,0.9769999980926514,2.3000001907348633,0.016842941699997026,lecun_dropout
lecun_1989_dense_drop0.25,lecun_1989,3,3278,116.86857062499985,3.8944525375665457,0.9825000166893005,0.043722838163375854,0.9772999882698059,2.270001173019409,0.017064974999993866,lecun_dropout
lecun_1989_dense_drop0.25,lecun_1989,4,3278,117.17960504200073,3.904825777733337,0.9804999828338623,0.04335905984044075,0.9786999821662903,2.1300017833709717,0.017092970900012005,lecun_dropout
lecun_1989_softmax,chollet_2021,0,2578,32.9924982499997,2.196184491599888,0.987333357334137,0.047706786543130875,0.9846000075340271,1.53999924659729,0.017293983400031722,lecun_chollet_recipe
lecun_1989_softmax,chollet_2021,1,2578,33.014050249999855,2.198937658399882,0.984000027179718,0.051470302045345306,0.9822999835014343,1.7700016498565674,0.01724251670002559,lecun_chollet_recipe
lecun_1989_softmax,chollet_2021,2,2578,32.86569195799984,2.1887605417333664,0.9863333106040955,0.05268673226237297,0.9828000068664551,1.7199993133544922,0.01752491250008461,lecun_chollet_recipe
lecun_1989_softmax,chollet_2021,3,2578,32.64848433299994,2.1725489249334715,0.984499990940094,0.05020427703857422,0.9832000136375427,1.6799986362457275,0.017011120899951493,lecun_chollet_recipe
lecun_1989_softmax,chollet_2021,4,2578,32.527273792000415,2.165746861133327,0.984666645526886,0.05282207205891609,0.9825000166893005,1.7499983310699463,0.017218216699984624,lecun_chollet_recipe
