digit,test_images,chollet_error_pct,lecun_error_pct,lecun_dropout_error_pct,lecun_chollet_recipe_error_pct
0,980,0.3469387755102041,0.4693877551020408,0.6122448979591837,0.7551020408163266
1,1135,0.29955947136563876,0.5286343612334802,0.5814977973568283,0.7577092511013216
2,1032,0.9302325581395349,1.821705426356589,2.0736434108527133,1.4922480620155039
3,1010,0.4752475247524752,1.8217821782178216,2.0396039603960396,1.0693069306930694
4,982,0.42769857433808556,3.054989816700611,3.930753564154786,1.5071283095723014
5,892,1.0986547085201794,2.219730941704036,2.399103139013453,2.3094170403587446
6,958,1.3778705636743214,2.025052192066806,1.962421711899791,1.8997912317327768
7,1028,0.9922178988326847,2.8015564202334633,3.5797665369649803,2.062256809338521
8,974,1.190965092402464,2.5256673511293637,2.5667351129363447,2.3408624229979464
9,1009,1.5659068384539148,2.755203171456888,2.8741328047571852,2.9137760158572843
